"","participant","predicate","predicate_number","response"
"1",1,"prove",2,0.58
"2",1,"be annoyed",9,0.47
"3",1,"discover",14,0.67
"4",1,"acknowledge",5,0.72
"5",1,"pretend",15,0.67
"7",1,"know",11,0.68
"9",1,"hear",16,0.76
"10",1,"suggest",17,0.7
"11",1,"announce",10,0.78
"12",1,"confirm",4,0.69
"14",1,"think",7,0.77
"15",1,"establish",1,0.82
"16",1,"inform",12,0.74
"18",1,"be right",6,0.7
"19",1,"demonstrate",18,0.81
"20",1,"admit",13,0.76
"21",1,"say",8,0.69
"22",1,"reveal",3,0.75
"23",1,"see",19,0.8
"25",1,"confess",20,0.73
"29",12,"see",19,0.56
"30",12,"hear",16,0.75
"31",12,"establish",1,0.53
"33",12,"discover",14,0.68
"34",12,"be right",6,0.46
"35",12,"confess",20,0.79
"36",12,"acknowledge",5,0.62
"37",12,"demonstrate",18,0.75
"39",12,"confirm",4,0.77
"40",12,"inform",12,0.56
"41",12,"announce",10,0.77
"42",12,"know",11,0.6
"43",12,"suggest",17,0.85
"44",12,"admit",13,0.65
"45",12,"prove",2,0.9
"46",12,"pretend",15,0.64
"49",12,"reveal",3,0.82
"50",12,"be annoyed",9,0.72
"51",12,"think",7,0.76
"52",12,"say",8,0.55
"53",23,"see",19,0.88
"56",23,"acknowledge",5,0.98
"57",23,"say",8,0.28
"58",23,"reveal",3,0.63
"59",23,"know",11,0.78
"60",23,"think",7,0.14
"61",23,"prove",2,0.33
"62",23,"admit",13,0.84
"64",23,"be right",6,0.08
"65",23,"hear",16,0.64
"66",23,"announce",10,0.49
"67",23,"confess",20,0.35
"69",23,"discover",14,0.79
"70",23,"be annoyed",9,0.88
"72",23,"confirm",4,0.57
"73",23,"pretend",15,0.3
"74",23,"inform",12,0.82
"76",23,"suggest",17,0.35
"77",23,"establish",1,0.55
"78",23,"demonstrate",18,0.3
"80",34,"admit",13,0.57
"81",34,"discover",14,0.4
"82",34,"be annoyed",9,0.77
"83",34,"say",8,0.41
"84",34,"prove",2,0.27
"87",34,"know",11,0.33
"88",34,"see",19,0.27
"89",34,"confirm",4,0.57
"90",34,"demonstrate",18,0.35
"91",34,"be right",6,0.36
"92",34,"hear",16,0.66
"93",34,"think",7,0.25
"94",34,"acknowledge",5,0.28
"95",34,"pretend",15,0.29
"96",34,"announce",10,0.13
"97",34,"suggest",17,0.4
"98",34,"reveal",3,0.65
"99",34,"establish",1,0.4
"101",34,"inform",12,0.31
"104",34,"confess",20,0.43
"105",45,"admit",13,0.7
"106",45,"see",19,0.06
"107",45,"acknowledge",5,1
"110",45,"suggest",17,0.46
"111",45,"discover",14,0.83
"112",45,"be annoyed",9,0.98
"114",45,"confess",20,0.35
"116",45,"hear",16,0.62
"117",45,"know",11,0.85
"118",45,"establish",1,0.05
"119",45,"think",7,0
"120",45,"say",8,0
"121",45,"reveal",3,0.49
"123",45,"be right",6,0
"125",45,"inform",12,0.92
"126",45,"prove",2,0
"127",45,"announce",10,0.06
"128",45,"confirm",4,0
"129",45,"pretend",15,0.2
"130",45,"demonstrate",18,0
"131",47,"confirm",4,0.72
"132",47,"demonstrate",18,0.93
"134",47,"announce",10,0.25
"135",47,"confess",20,0.28
"136",47,"reveal",3,0.62
"137",47,"say",8,0.36
"138",47,"admit",13,0.77
"139",47,"hear",16,0.63
"140",47,"discover",14,0.35
"142",47,"be right",6,0.11
"144",47,"establish",1,0.31
"146",47,"prove",2,0.26
"147",47,"suggest",17,0.11
"149",47,"pretend",15,0.22
"150",47,"know",11,0.34
"152",47,"be annoyed",9,0.67
"153",47,"acknowledge",5,0.34
"154",47,"think",7,0.18
"155",47,"see",19,0.32
"156",47,"inform",12,0.65
"157",48,"hear",16,0.87
"158",48,"acknowledge",5,0.95
"161",48,"prove",2,0.2
"162",48,"think",7,0.15
"163",48,"establish",1,0.33
"164",48,"announce",10,0.58
"165",48,"be annoyed",9,0.89
"166",48,"see",19,0.77
"167",48,"confirm",4,0.24
"168",48,"be right",6,0.22
"170",48,"pretend",15,0.19
"173",48,"say",8,0.18
"174",48,"confess",20,0.59
"176",48,"reveal",3,0.85
"177",48,"inform",12,0.92
"178",48,"suggest",17,0.39
"179",48,"discover",14,0.58
"180",48,"know",11,0.91
"181",48,"admit",13,0.99
"182",48,"demonstrate",18,0.78
"209",49,"reveal",3,0
"210",49,"admit",13,0.22
"212",49,"confess",20,0.56
"214",49,"think",7,0
"215",49,"prove",2,0
"216",49,"see",19,0.88
"217",49,"be right",6,1
"218",49,"hear",16,1
"220",49,"inform",12,1
"221",49,"establish",1,1
"222",49,"suggest",17,0.3
"223",49,"discover",14,1
"224",49,"announce",10,1
"225",49,"say",8,0.15
"226",49,"confirm",4,0
"227",49,"be annoyed",9,1
"228",49,"know",11,1
"229",49,"demonstrate",18,0.51
"233",49,"pretend",15,0.04
"234",49,"acknowledge",5,0.94
"235",2,"know",11,0.95
"236",2,"say",8,0.1
"237",2,"admit",13,0.95
"238",2,"demonstrate",18,0.3
"239",2,"announce",10,0.68
"241",2,"confirm",4,0.15
"243",2,"think",7,0.12
"244",2,"be annoyed",9,0.81
"245",2,"pretend",15,0.61
"247",2,"inform",12,0.91
"249",2,"discover",14,0.99
"250",2,"prove",2,0.23
"251",2,"reveal",3,0.73
"252",2,"establish",1,0.49
"253",2,"acknowledge",5,0.72
"256",2,"see",19,0.93
"257",2,"hear",16,0.7
"258",2,"be right",6,0.18
"259",2,"confess",20,0.95
"260",2,"suggest",17,0.2
"261",3,"confess",20,0.91
"262",3,"know",11,0.58
"263",3,"think",7,0.81
"264",3,"pretend",15,0.67
"265",3,"hear",16,0.82
"266",3,"announce",10,0.92
"267",3,"acknowledge",5,0.33
"268",3,"confirm",4,0.75
"269",3,"reveal",3,0.84
"271",3,"admit",13,0.84
"272",3,"inform",12,0.73
"275",3,"establish",1,0.75
"276",3,"prove",2,0.67
"277",3,"discover",14,0.79
"278",3,"be right",6,0.69
"279",3,"demonstrate",18,0.83
"280",3,"suggest",17,0.73
"282",3,"say",8,0.73
"283",3,"see",19,0.55
"284",3,"be annoyed",9,0.77
"287",4,"inform",12,0.98
"288",4,"announce",10,0.13
"289",4,"know",11,0.9
"290",4,"think",7,0.01
"292",4,"reveal",3,0.55
"293",4,"discover",14,0.04
"296",4,"confess",20,0.77
"297",4,"admit",13,0.09
"299",4,"suggest",17,0.74
"300",4,"be right",6,0.88
"301",4,"demonstrate",18,0.25
"302",4,"confirm",4,0.39
"303",4,"establish",1,0.92
"305",4,"acknowledge",5,0.87
"307",4,"prove",2,0.95
"308",4,"hear",16,0.21
"309",4,"see",19,0.53
"310",4,"be annoyed",9,0.98
"311",4,"say",8,0.61
"312",4,"pretend",15,0.16
"313",5,"know",11,0.77
"314",5,"confirm",4,0.39
"316",5,"hear",16,0.73
"317",5,"pretend",15,0.25
"318",5,"discover",14,0.43
"320",5,"prove",2,0.25
"321",5,"reveal",3,0.71
"323",5,"see",19,0.76
"324",5,"suggest",17,0.78
"325",5,"demonstrate",18,0.49
"326",5,"say",8,0.48
"329",5,"confess",20,0.71
"330",5,"announce",10,0.53
"331",5,"be right",6,0.23
"332",5,"establish",1,0.47
"334",5,"admit",13,0.35
"335",5,"inform",12,0.2
"336",5,"think",7,0.57
"337",5,"be annoyed",9,0.47
"338",5,"acknowledge",5,0.38
"339",6,"demonstrate",18,0.56
"340",6,"hear",16,0.34
"341",6,"establish",1,0.82
"342",6,"confess",20,0.29
"343",6,"pretend",15,0.7
"344",6,"inform",12,0.79
"345",6,"prove",2,0.29
"347",6,"be right",6,0.76
"349",6,"admit",13,0.6
"351",6,"suggest",17,0.4
"352",6,"announce",10,0.64
"355",6,"think",7,0.79
"357",6,"know",11,0.69
"358",6,"say",8,0.61
"359",6,"be annoyed",9,0.61
"360",6,"confirm",4,0.32
"361",6,"see",19,0.31
"362",6,"discover",14,0.71
"363",6,"acknowledge",5,0.55
"364",6,"reveal",3,0.6
"366",7,"demonstrate",18,0.72
"367",7,"confirm",4,0.87
"368",7,"know",11,0.64
"369",7,"say",8,0.82
"370",7,"think",7,0.63
"371",7,"acknowledge",5,0.86
"372",7,"be right",6,0.42
"374",7,"be annoyed",9,0.69
"375",7,"inform",12,0.83
"377",7,"suggest",17,0.51
"380",7,"discover",14,0.8
"381",7,"hear",16,0.77
"382",7,"reveal",3,0.79
"383",7,"prove",2,0.79
"385",7,"see",19,0.79
"386",7,"pretend",15,0.72
"387",7,"confess",20,0.8
"388",7,"admit",13,0.79
"389",7,"announce",10,0.7
"390",7,"establish",1,0.84
"393",8,"hear",16,0.99
"394",8,"know",11,0.95
"395",8,"establish",1,0.98
"396",8,"discover",14,1
"397",8,"confess",20,0.98
"399",8,"prove",2,0.97
"400",8,"pretend",15,0.99
"401",8,"confirm",4,0.97
"403",8,"think",7,0.96
"404",8,"say",8,0.97
"405",8,"see",19,0.96
"406",8,"announce",10,0.98
"407",8,"be annoyed",9,0.96
"408",8,"demonstrate",18,0.97
"409",8,"suggest",17,0.99
"410",8,"admit",13,0.98
"412",8,"inform",12,0.97
"414",8,"acknowledge",5,0.98
"415",8,"reveal",3,0.98
"416",8,"be right",6,0.93
"417",9,"demonstrate",18,0.9
"419",9,"inform",12,0.86
"421",9,"hear",16,0.79
"422",9,"say",8,0.5
"424",9,"see",19,0.81
"425",9,"acknowledge",5,0.51
"426",9,"prove",2,0.74
"427",9,"pretend",15,0.84
"428",9,"announce",10,0.51
"430",9,"confirm",4,0.54
"431",9,"admit",13,0.79
"432",9,"suggest",17,0.22
"433",9,"be right",6,0.76
"434",9,"discover",14,0.44
"436",9,"establish",1,0.25
"437",9,"know",11,0.82
"438",9,"confess",20,0.48
"440",9,"reveal",3,0.52
"441",9,"be annoyed",9,0.84
"442",9,"think",7,0.45
"443",10,"acknowledge",5,0.12
"444",10,"pretend",15,0.6
"445",10,"see",19,0.11
"446",10,"be annoyed",9,1
"447",10,"know",11,0.99
"449",10,"announce",10,1
"450",10,"confirm",4,0.25
"451",10,"hear",16,1
"452",10,"prove",2,0.19
"454",10,"inform",12,0.98
"455",10,"be right",6,0.13
"456",10,"demonstrate",18,0.56
"458",10,"think",7,0.48
"460",10,"suggest",17,0.35
"461",10,"reveal",3,0.74
"462",10,"discover",14,0.58
"465",10,"say",8,0.58
"466",10,"admit",13,0.71
"467",10,"establish",1,0.67
"468",10,"confess",20,0.81
"470",11,"announce",10,0.96
"471",11,"reveal",3,0.95
"474",11,"acknowledge",5,0.97
"475",11,"confess",20,0.01
"476",11,"be annoyed",9,0.98
"477",11,"discover",14,0.97
"478",11,"demonstrate",18,0.99
"479",11,"establish",1,0.01
"481",11,"pretend",15,0.98
"483",11,"think",7,0
"484",11,"suggest",17,0.01
"485",11,"admit",13,0.01
"487",11,"see",19,0.01
"488",11,"say",8,0.09
"489",11,"confirm",4,0.04
"490",11,"prove",2,0.01
"491",11,"hear",16,0.79
"492",11,"know",11,0.5
"493",11,"inform",12,0.68
"494",11,"be right",6,0.88
"495",13,"inform",12,0.85
"496",13,"discover",14,0.15
"497",13,"be right",6,0.92
"502",13,"know",11,0.22
"503",13,"confirm",4,0.71
"504",13,"admit",13,0.21
"505",13,"suggest",17,0.8
"506",13,"acknowledge",5,0.12
"507",13,"say",8,0.81
"508",13,"demonstrate",18,0.19
"509",13,"announce",10,0.81
"510",13,"pretend",15,0.21
"511",13,"reveal",3,0.85
"512",13,"confess",20,0.93
"513",13,"be annoyed",9,0.14
"514",13,"hear",16,0.89
"515",13,"see",19,0.13
"516",13,"prove",2,0.88
"519",13,"establish",1,0.17
"520",13,"think",7,0.86
"521",14,"demonstrate",18,0.23
"522",14,"be annoyed",9,0.96
"523",14,"hear",16,0.88
"525",14,"acknowledge",5,0.86
"526",14,"know",11,0.37
"527",14,"confirm",4,0.24
"528",14,"be right",6,0.13
"529",14,"see",19,0.38
"532",14,"establish",1,0.13
"533",14,"confess",20,0.11
"534",14,"suggest",17,0.14
"535",14,"think",7,0.08
"536",14,"discover",14,0.25
"538",14,"inform",12,0.85
"539",14,"admit",13,0.29
"541",14,"prove",2,0.22
"542",14,"say",8,0.17
"543",14,"reveal",3,0.28
"545",14,"pretend",15,0.13
"546",14,"announce",10,0.3
"547",15,"establish",1,0.79
"549",15,"inform",12,0.71
"550",15,"reveal",3,0.67
"552",15,"confess",20,0.55
"553",15,"hear",16,0.66
"554",15,"confirm",4,0.6
"555",15,"prove",2,0.71
"556",15,"suggest",17,0.25
"557",15,"acknowledge",5,0.58
"558",15,"admit",13,0.49
"559",15,"demonstrate",18,0.65
"560",15,"announce",10,0.36
"561",15,"be right",6,0.62
"562",15,"think",7,0.34
"564",15,"say",8,0.34
"566",15,"be annoyed",9,0.35
"567",15,"discover",14,0.75
"568",15,"pretend",15,0.35
"569",15,"know",11,0.65
"571",15,"see",19,0.38
"574",16,"establish",1,0.21
"576",16,"acknowledge",5,0.83
"577",16,"reveal",3,0.22
"580",16,"confirm",4,0.79
"581",16,"hear",16,0.71
"583",16,"pretend",15,0.91
"584",16,"see",19,0.31
"586",16,"say",8,0.27
"587",16,"discover",14,0.78
"588",16,"admit",13,0.9
"589",16,"suggest",17,0.21
"590",16,"confess",20,0.82
"591",16,"inform",12,0.31
"592",16,"announce",10,0.8
"593",16,"prove",2,0.28
"594",16,"be right",6,0.81
"595",16,"demonstrate",18,0.29
"596",16,"know",11,0.85
"597",16,"be annoyed",9,0.36
"598",16,"think",7,0.79
"599",17,"discover",14,0.86
"601",17,"say",8,0.29
"602",17,"reveal",3,0.81
"603",17,"demonstrate",18,0.54
"604",17,"know",11,0.7
"605",17,"confess",20,0.18
"606",17,"inform",12,0.77
"609",17,"suggest",17,0.76
"611",17,"acknowledge",5,0.86
"612",17,"think",7,0.43
"613",17,"pretend",15,0.69
"614",17,"be right",6,0.9
"616",17,"prove",2,0.69
"617",17,"announce",10,0.33
"618",17,"be annoyed",9,0.73
"620",17,"establish",1,0.85
"621",17,"confirm",4,0.34
"622",17,"admit",13,0.74
"623",17,"hear",16,0.92
"624",17,"see",19,0.81
"625",18,"admit",13,0.79
"627",18,"reveal",3,0.82
"628",18,"confirm",4,0.63
"629",18,"say",8,0.75
"630",18,"hear",16,0.8
"631",18,"demonstrate",18,0.54
"632",18,"see",19,0.8
"633",18,"pretend",15,0.48
"635",18,"think",7,0.76
"636",18,"be right",6,0.68
"637",18,"prove",2,0.64
"640",18,"discover",14,0.66
"642",18,"establish",1,0.76
"644",18,"announce",10,0.8
"645",18,"suggest",17,0.48
"646",18,"acknowledge",5,0.73
"647",18,"confess",20,0.78
"648",18,"know",11,0.66
"649",18,"be annoyed",9,0.78
"650",18,"inform",12,0.61
"651",19,"confess",20,0.84
"652",19,"see",19,0.67
"655",19,"hear",16,0.53
"656",19,"discover",14,0.82
"657",19,"confirm",4,0.65
"658",19,"establish",1,0.85
"659",19,"admit",13,0.79
"660",19,"prove",2,0.75
"661",19,"be right",6,0.72
"662",19,"inform",12,0.75
"663",19,"announce",10,0.84
"666",19,"reveal",3,0.7
"667",19,"say",8,0.8
"668",19,"think",7,0.7
"669",19,"know",11,0.54
"670",19,"be annoyed",9,0.77
"671",19,"demonstrate",18,0.67
"672",19,"acknowledge",5,0.83
"674",19,"suggest",17,0.8
"676",19,"pretend",15,0.67
"677",20,"see",19,0.65
"678",20,"be annoyed",9,0.72
"679",20,"know",11,0.63
"680",20,"demonstrate",18,0.66
"681",20,"admit",13,0.62
"682",20,"be right",6,0.62
"683",20,"discover",14,0.65
"685",20,"suggest",17,0.66
"686",20,"say",8,0.65
"689",20,"hear",16,0.63
"691",20,"inform",12,0.72
"692",20,"pretend",15,0.72
"693",20,"think",7,0.75
"695",20,"confess",20,0.64
"697",20,"confirm",4,0.67
"698",20,"establish",1,0.69
"699",20,"prove",2,0.72
"700",20,"reveal",3,0.69
"701",20,"announce",10,0.69
"702",20,"acknowledge",5,0.68
"704",21,"inform",12,0.75
"705",21,"say",8,0.82
"706",21,"demonstrate",18,0.73
"707",21,"prove",2,0.68
"708",21,"pretend",15,0.64
"709",21,"discover",14,0.78
"710",21,"confess",20,0.28
"712",21,"be right",6,0.67
"713",21,"hear",16,0.73
"714",21,"reveal",3,0.24
"715",21,"think",7,0.69
"716",21,"acknowledge",5,0.3
"717",21,"announce",10,0.68
"718",21,"be annoyed",9,0.34
"720",21,"confirm",4,0.3
"723",21,"suggest",17,0.65
"725",21,"establish",1,0.66
"726",21,"see",19,0.42
"727",21,"admit",13,0.67
"728",21,"know",11,0.41
"730",22,"reveal",3,0.75
"731",22,"admit",13,0.85
"732",22,"prove",2,0.81
"733",22,"demonstrate",18,0.81
"734",22,"acknowledge",5,0.81
"735",22,"discover",14,0.89
"736",22,"say",8,0.88
"737",22,"confess",20,0.8
"738",22,"be annoyed",9,0.81
"739",22,"announce",10,0.86
"742",22,"think",7,0.87
"743",22,"know",11,0.85
"744",22,"confirm",4,0.88
"745",22,"pretend",15,0.91
"746",22,"hear",16,0.88
"747",22,"suggest",17,0.81
"749",22,"establish",1,0.86
"750",22,"inform",12,0.85
"752",22,"see",19,0.86
"754",22,"be right",6,0.85
"755",24,"say",8,0.65
"756",24,"confirm",4,0.29
"757",24,"prove",2,0.84
"758",24,"demonstrate",18,0.25
"760",24,"see",19,0.24
"761",24,"be right",6,0.82
"763",24,"admit",13,0.89
"765",24,"suggest",17,0.8
"766",24,"confess",20,0.2
"768",24,"establish",1,0.29
"769",24,"announce",10,0.83
"770",24,"be annoyed",9,0.32
"771",24,"reveal",3,0.79
"772",24,"know",11,0.33
"773",24,"hear",16,0.75
"775",24,"inform",12,0.79
"776",24,"pretend",15,0.84
"778",24,"acknowledge",5,0.79
"779",24,"discover",14,0.29
"780",24,"think",7,0.78
"781",25,"reveal",3,0.91
"782",25,"demonstrate",18,0.83
"783",25,"confess",20,0.95
"784",25,"pretend",15,0.14
"785",25,"see",19,0.87
"786",25,"know",11,0.97
"788",25,"admit",13,0.89
"789",25,"establish",1,0.78
"791",25,"suggest",17,0.22
"793",25,"announce",10,0.34
"794",25,"say",8,0.18
"796",25,"prove",2,0.11
"797",25,"acknowledge",5,0.2
"798",25,"inform",12,0.42
"800",25,"confirm",4,0.09
"801",25,"hear",16,0.77
"802",25,"be annoyed",9,0.92
"803",25,"discover",14,0.17
"804",25,"think",7,0.05
"806",25,"be right",6,0.07
"807",26,"confirm",4,0.86
"808",26,"hear",16,0.78
"809",26,"prove",2,0.5
"810",26,"announce",10,0.61
"811",26,"demonstrate",18,0.74
"812",26,"say",8,0.48
"814",26,"discover",14,0.72
"816",26,"inform",12,0.74
"817",26,"know",11,0.57
"818",26,"pretend",15,0.82
"819",26,"be annoyed",9,0.62
"820",26,"admit",13,0.79
"821",26,"acknowledge",5,0.62
"822",26,"be right",6,0.8
"823",26,"see",19,0.88
"824",26,"suggest",17,0.62
"825",26,"reveal",3,0.76
"826",26,"think",7,0.56
"827",26,"confess",20,0.7
"829",26,"establish",1,0.68
"836",27,"confess",20,0.41
"838",27,"prove",2,0.48
"840",27,"hear",16,0.57
"841",27,"demonstrate",18,0.66
"842",27,"be annoyed",9,0.88
"843",27,"confirm",4,0.28
"845",27,"announce",10,0.77
"846",27,"pretend",15,0.43
"847",27,"establish",1,0.54
"848",27,"reveal",3,0.64
"849",27,"discover",14,0.85
"850",27,"think",7,0.39
"851",27,"be right",6,0.49
"852",27,"inform",12,0.74
"853",27,"say",8,0.39
"854",27,"see",19,0.35
"855",27,"acknowledge",5,0.64
"856",27,"know",11,0.74
"857",27,"suggest",17,0.53
"858",27,"admit",13,0.65
"860",28,"see",19,0.9
"861",28,"be right",6,0.28
"862",28,"announce",10,0.76
"864",28,"discover",14,0.75
"865",28,"confess",20,0.37
"866",28,"know",11,0.77
"867",28,"say",8,0.89
"869",28,"prove",2,0.77
"870",28,"demonstrate",18,0.87
"872",28,"suggest",17,0.79
"873",28,"pretend",15,0.72
"874",28,"confirm",4,0.81
"876",28,"admit",13,0.69
"877",28,"acknowledge",5,0.8
"878",28,"hear",16,0.56
"880",28,"be annoyed",9,0.44
"881",28,"establish",1,0.6
"882",28,"inform",12,0.51
"883",28,"think",7,0.69
"884",28,"reveal",3,0.8
"885",29,"be annoyed",9,0.92
"886",29,"announce",10,0.08
"887",29,"know",11,0.91
"888",29,"see",19,0.9
"890",29,"confirm",4,0.12
"891",29,"think",7,0.06
"892",29,"acknowledge",5,0.25
"893",29,"establish",1,0.11
"897",29,"be right",6,0.12
"898",29,"say",8,0.11
"899",29,"confess",20,0.23
"900",29,"demonstrate",18,0.14
"902",29,"inform",12,0.83
"903",29,"hear",16,0.91
"905",29,"discover",14,0.99
"906",29,"reveal",3,0.76
"907",29,"prove",2,0.17
"908",29,"suggest",17,0.13
"909",29,"admit",13,0.19
"910",29,"pretend",15,0.08
"911",30,"admit",13,0.89
"912",30,"establish",1,0.24
"913",30,"pretend",15,0.89
"915",30,"demonstrate",18,0.53
"916",30,"prove",2,0.91
"917",30,"think",7,0.52
"918",30,"acknowledge",5,0.86
"919",30,"be right",6,0.19
"921",30,"suggest",17,0.82
"922",30,"confess",20,0.86
"923",30,"confirm",4,0.17
"924",30,"be annoyed",9,0.77
"926",30,"hear",16,0.22
"927",30,"see",19,0.82
"929",30,"discover",14,0.16
"932",30,"know",11,0.52
"933",30,"announce",10,0.8
"934",30,"reveal",3,0.76
"935",30,"say",8,0.46
"936",30,"inform",12,0.2
"937",31,"think",7,0.61
"938",31,"be annoyed",9,0.6
"939",31,"establish",1,0.43
"940",31,"confirm",4,0.77
"941",31,"hear",16,0.38
"943",31,"say",8,0.29
"945",31,"reveal",3,0.58
"946",31,"know",11,0.62
"947",31,"discover",14,0.79
"948",31,"be right",6,0.44
"949",31,"confess",20,0.72
"952",31,"pretend",15,0.65
"953",31,"admit",13,0.27
"954",31,"prove",2,0.54
"955",31,"acknowledge",5,0.63
"957",31,"inform",12,0.78
"958",31,"demonstrate",18,0.42
"959",31,"suggest",17,0.86
"960",31,"see",19,0.41
"961",31,"announce",10,0.87
"963",32,"confirm",4,0.69
"964",32,"admit",13,0.25
"967",32,"inform",12,0.52
"968",32,"acknowledge",5,0.7
"970",32,"demonstrate",18,0.7
"971",32,"pretend",15,0.49
"972",32,"suggest",17,0.74
"973",32,"announce",10,0.67
"974",32,"discover",14,0.59
"975",32,"establish",1,0.39
"976",32,"know",11,0.27
"977",32,"be right",6,0.8
"978",32,"say",8,0.5
"979",32,"think",7,0.58
"982",32,"reveal",3,0.46
"983",32,"see",19,0.76
"984",32,"prove",2,0.55
"985",32,"hear",16,0.79
"986",32,"be annoyed",9,0.5
"988",32,"confess",20,0.65
"989",33,"reveal",3,0.8
"990",33,"admit",13,0.83
"991",33,"say",8,0.85
"992",33,"inform",12,0.74
"994",33,"establish",1,0.81
"995",33,"be right",6,0.63
"997",33,"know",11,0.66
"998",33,"suggest",17,0.77
"1000",33,"announce",10,0.94
"1002",33,"confirm",4,1
"1003",33,"think",7,0.74
"1006",33,"be annoyed",9,0.83
"1007",33,"hear",16,0.82
"1008",33,"pretend",15,0.93
"1009",33,"see",19,0.84
"1010",33,"confess",20,0.87
"1011",33,"discover",14,0.88
"1012",33,"demonstrate",18,0.76
"1013",33,"prove",2,0.86
"1014",33,"acknowledge",5,0.85
"1015",35,"hear",16,1
"1017",35,"know",11,0.94
"1018",35,"inform",12,0.84
"1019",35,"admit",13,0.54
"1021",35,"acknowledge",5,0.79
"1022",35,"discover",14,0.61
"1023",35,"see",19,0.57
"1024",35,"be right",6,0.34
"1025",35,"confess",20,0.34
"1026",35,"announce",10,0.42
"1028",35,"reveal",3,0.23
"1029",35,"confirm",4,0.37
"1030",35,"be annoyed",9,0.9
"1031",35,"suggest",17,0.2
"1033",35,"establish",1,0.27
"1034",35,"say",8,0.18
"1035",35,"think",7,0.16
"1036",35,"pretend",15,0.11
"1038",35,"prove",2,0.19
"1040",35,"demonstrate",18,0.27
"1042",36,"hear",16,0.08
"1043",36,"say",8,0.45
"1044",36,"confirm",4,0.29
"1045",36,"discover",14,0.21
"1047",36,"see",19,0.47
"1048",36,"suggest",17,0.81
"1049",36,"think",7,0.33
"1050",36,"establish",1,0.77
"1051",36,"prove",2,0.49
"1052",36,"be annoyed",9,0.75
"1054",36,"admit",13,0.76
"1055",36,"inform",12,0.5
"1056",36,"know",11,0.3
"1057",36,"demonstrate",18,0.6
"1059",36,"reveal",3,0.35
"1060",36,"confess",20,0.81
"1061",36,"be right",6,0.58
"1062",36,"pretend",15,0.75
"1063",36,"announce",10,0.37
"1066",36,"acknowledge",5,0.44
"1067",37,"confess",20,0.63
"1068",37,"prove",2,0.65
"1070",37,"think",7,0.67
"1072",37,"confirm",4,0.79
"1074",37,"be annoyed",9,0.73
"1075",37,"say",8,0.73
"1076",37,"admit",13,0.71
"1077",37,"know",11,0.67
"1078",37,"reveal",3,0.68
"1079",37,"hear",16,0.53
"1080",37,"pretend",15,0.79
"1081",37,"inform",12,0.71
"1082",37,"see",19,0.76
"1083",37,"demonstrate",18,0.74
"1084",37,"be right",6,0.74
"1085",37,"acknowledge",5,0.65
"1086",37,"announce",10,0.64
"1087",37,"establish",1,0.7
"1088",37,"suggest",17,0.76
"1091",37,"discover",14,0.78
"1094",38,"pretend",15,0.64
"1095",38,"confess",20,0.68
"1096",38,"confirm",4,0.62
"1097",38,"discover",14,0.65
"1098",38,"admit",13,0.62
"1099",38,"inform",12,0.68
"1100",38,"be right",6,0.69
"1101",38,"hear",16,0.6
"1102",38,"see",19,0.68
"1103",38,"be annoyed",9,0.68
"1105",38,"establish",1,0.64
"1107",38,"prove",2,0.73
"1109",38,"acknowledge",5,0.79
"1110",38,"reveal",3,0.73
"1111",38,"think",7,0.72
"1112",38,"announce",10,0.67
"1113",38,"demonstrate",18,0.65
"1115",38,"say",8,0.69
"1117",38,"know",11,0.71
"1118",38,"suggest",17,0.73
"1119",39,"confirm",4,0.96
"1122",39,"inform",12,0.75
"1123",39,"acknowledge",5,0.83
"1124",39,"announce",10,0.73
"1126",39,"think",7,0.7
"1127",39,"say",8,0.78
"1128",39,"prove",2,0.33
"1129",39,"admit",13,0.85
"1130",39,"know",11,0.74
"1131",39,"see",19,0.6
"1132",39,"be annoyed",9,0.85
"1133",39,"be right",6,0.89
"1134",39,"pretend",15,0.72
"1136",39,"reveal",3,0.7
"1137",39,"confess",20,0.59
"1138",39,"hear",16,0.86
"1140",39,"establish",1,0.89
"1141",39,"suggest",17,0.9
"1142",39,"discover",14,0.75
"1143",39,"demonstrate",18,0.83
"1145",40,"confirm",4,0.51
"1147",40,"inform",12,1
"1148",40,"reveal",3,0.51
"1150",40,"pretend",15,0
"1151",40,"know",11,1
"1152",40,"confess",20,0.5
"1153",40,"be annoyed",9,1
"1154",40,"announce",10,0.51
"1156",40,"see",19,0.5
"1157",40,"suggest",17,0.52
"1158",40,"establish",1,0.49
"1159",40,"demonstrate",18,0.49
"1160",40,"admit",13,0.49
"1161",40,"think",7,0.51
"1162",40,"hear",16,0.51
"1163",40,"prove",2,0.51
"1164",40,"discover",14,0.5
"1165",40,"acknowledge",5,0.5
"1168",40,"be right",6,1
"1170",40,"say",8,0.53
"1171",41,"pretend",15,0.69
"1173",41,"confess",20,0.84
"1174",41,"say",8,0.29
"1176",41,"prove",2,0.72
"1177",41,"think",7,0.43
"1178",41,"discover",14,0.79
"1179",41,"be right",6,0.21
"1182",41,"hear",16,0.72
"1183",41,"see",19,0.23
"1184",41,"inform",12,0.19
"1185",41,"demonstrate",18,0.22
"1186",41,"confirm",4,0.97
"1187",41,"acknowledge",5,0.16
"1188",41,"know",11,0.75
"1189",41,"be annoyed",9,0.77
"1190",41,"reveal",3,0.91
"1192",41,"announce",10,0.78
"1193",41,"admit",13,0.31
"1195",41,"suggest",17,0.83
"1196",41,"establish",1,0.15
"1197",42,"know",11,1
"1199",42,"admit",13,0.37
"1200",42,"be annoyed",9,0.74
"1201",42,"prove",2,0.42
"1202",42,"think",7,0.97
"1204",42,"see",19,0.11
"1206",42,"inform",12,0.56
"1207",42,"acknowledge",5,0.82
"1208",42,"demonstrate",18,0.35
"1209",42,"hear",16,0.95
"1210",42,"say",8,0.29
"1211",42,"discover",14,0.82
"1212",42,"confess",20,0.35
"1214",42,"announce",10,0.95
"1216",42,"pretend",15,0.56
"1217",42,"confirm",4,0.94
"1218",42,"suggest",17,0.72
"1219",42,"reveal",3,0.79
"1221",42,"establish",1,0.37
"1222",42,"be right",6,0.91
"1224",43,"reveal",3,0.94
"1225",43,"confess",20,0.92
"1226",43,"pretend",15,0.94
"1227",43,"hear",16,0.35
"1228",43,"admit",13,0.28
"1230",43,"announce",10,0.9
"1231",43,"know",11,0.85
"1233",43,"suggest",17,0.21
"1234",43,"inform",12,0.91
"1235",43,"prove",2,0.85
"1236",43,"see",19,0.85
"1238",43,"confirm",4,0.24
"1239",43,"discover",14,0.27
"1242",43,"be annoyed",9,0.9
"1243",43,"say",8,0.92
"1244",43,"acknowledge",5,0.9
"1245",43,"think",7,0.83
"1246",43,"establish",1,0.84
"1247",43,"demonstrate",18,0.83
"1248",43,"be right",6,0.72
"1249",44,"admit",13,0.05
"1250",44,"prove",2,0.48
"1251",44,"suggest",17,0.07
"1252",44,"pretend",15,0.02
"1253",44,"establish",1,0.5
"1254",44,"know",11,0.98
"1255",44,"be right",6,0.04
"1257",44,"announce",10,0.97
"1259",44,"discover",14,0.55
"1260",44,"see",19,0.99
"1261",44,"confess",20,0.71
"1263",44,"confirm",4,0.07
"1264",44,"say",8,0.05
"1267",44,"hear",16,0.03
"1268",44,"inform",12,0.97
"1269",44,"reveal",3,0.98
"1270",44,"be annoyed",9,0.97
"1271",44,"acknowledge",5,0.51
"1273",44,"demonstrate",18,0.33
"1274",44,"think",7,0.07
"1275",46,"see",19,0.8
"1276",46,"establish",1,0.53
"1277",46,"be annoyed",9,0.71
"1278",46,"announce",10,0.24
"1280",46,"be right",6,0.59
"1281",46,"think",7,0.87
"1283",46,"confess",20,0.83
"1284",46,"demonstrate",18,0.24
"1286",46,"know",11,0.34
"1287",46,"suggest",17,0.82
"1288",46,"say",8,0.6
"1289",46,"pretend",15,0.88
"1291",46,"inform",12,0.76
"1292",46,"prove",2,0.61
"1293",46,"hear",16,0.8
"1295",46,"reveal",3,0.82
"1297",46,"discover",14,0.84
"1298",46,"admit",13,0.56
"1299",46,"confirm",4,0.78
"1300",46,"acknowledge",5,0.46
